category_id,category_name,subcategory_id,subcategory_name,keywords
0,Software Engineering & Development,0,Core Programming Languages & Syntax,python java javascript csharp golang rust kotlin swift typescript ruby scala perl haskell elixir cplusplus generics polymorphism inheritance lambda closure coroutine typedef enum syntax interpreter
0,Software Engineering & Development,1,Frontend Development & UI Frameworks,react angular vue svelte nextjs webpack vite tailwindcss bootstrap scss jsx dom redux storybook spa pwa css-modules material-ui responsive hydration ssr virtualdom nuxtjs chakra
0,Software Engineering & Development,2,Backend Development & Server Frameworks,express django flask springboot fastapi nestjs rails laravel aspnet gunicorn uvicorn tomcat middleware microservices monolith serverless koa actix gin wsgi asgi
0,Software Engineering & Development,3,API Design & Integration Services,rest graphql grpc openapi swagger postman webhook oauth jwt soap wsdl hateoas apigateway ratelimit throttling idempotency pagination curl insomnia apigee
0,Software Engineering & Development,4,Version Control & Source Management,git github gitlab bitbucket svn mercurial rebase cherry-pick stash gitflow pull-request commit diff blame bisect submodule monorepo gitignore pre-commit hooks
0,Software Engineering & Development,5,"Algorithms, Data Structures & Complexity",sorting hashtable bfs dfs dijkstra dynamic-programming backtracking trie heap linkedlist bst big-o np-hard recursion memoization quicksort mergesort amortized knapsack binary-search
0,Software Engineering & Development,6,Mobile Application Development,android ios flutter react-native xamarin swiftui jetpack-compose xcode cocoapods expo capacitor ionic cordova apk ipa testflight appstore playstore kotlin-multiplatform adb
0,Software Engineering & Development,7,Regular Expressions & Pattern Matching,regex regexp pcre lookahead lookbehind capturing-group quantifier backreference greedy-match lazy-match character-class alternation anchors sed awk glob wildcard re2 named-group
0,Software Engineering & Development,8,Code Architecture & Design Patterns,singleton factory observer strategy decorator adapter facade proxy mvc mvvm solid dry hexagonal clean-architecture cqrs event-sourcing repository-pattern dependency-injection mediator builder
0,Software Engineering & Development,9,Mainframe & Legacy Systems (JCL/COBOL),cobol jcl cics db2 vsam ims tso ispf rexx copybook ebcdic mainframe zos jes2 racf abend sysout pds batch-job spool
0,Software Engineering & Development,10,Data Orchestration & Workflow Engines,airflow dagster prefect luigi argo temporal step-functions dag nifi oozie celery conductor orchestration scheduler cron dbt mage cadence azkaban taskflow
0,Software Engineering & Development,11,Dependency & Impact Analysis,dependency-graph call-graph coupling cohesion blast-radius change-impact dead-code cyclomatic-complexity afferent efferent technical-debt refactoring traceability dependency-matrix ripple-effect fan-in fan-out modularity impact-assessment
0,Software Engineering & Development,12,Build Systems & Compilation Pipelines,make cmake gradle maven bazel msbuild sbt ant esbuild turbopack lerna nx linker transpiler ninja gyp autotools makefile preprocessor compilation
0,Software Engineering & Development,13,"Markup, Templating & Serialization",html xml json yaml toml markdown jinja2 mustache handlebars ejs pug haml protobuf avro thrift msgpack csv ini hcl jsonschema
0,Software Engineering & Development,14,Application Configuration & Feature Flags,dotenv configmap appsettings featureflag launchdarkly unleash flagsmith toggles properties config-file feature-toggle split-io statsig optimizely flipper growthbook remote-config dark-launch experiment-flag
0,Software Engineering & Development,15,Software Development Lifecycle (SDLC),agile scrum kanban waterfall sprint backlog user-story acceptance-criteria retrospective standup epic velocity burndown jira confluence devops ci/cd tdd bdd pair-programming
0,Software Engineering & Development,16,"IDE, Tooling & Developer Productivity",vscode intellij eclipse vim neovim emacs pycharm rider lsp debugger linter formatter prettier eslint pylint snippets copilot codespaces devcontainer terminal
0,Software Engineering & Development,17,Open Source & Package Ecosystem,npm pip pypi nuget cargo crates rubygems maven-central homebrew apt conda packagist license gpl mit apache-license open-source oss changelog semver
0,Software Engineering & Development,18,Low-Code & No-Code Platforms,powerapps outsystems mendix appian retool bubble webflow zapier airtable glide adalo appgyver unqork appsheet honeycode citizen-developer visual-builder drag-and-drop low-code no-code
0,Software Engineering & Development,19,Embedded Systems & IoT Development,arduino raspberry-pi esp32 stm32 rtos firmware gpio i2c spi uart mqtt zigbee bluetooth-le embedded-c microcontroller fpga vhdl verilog jtag bootloader hal arm-cortex freertos
1,Production Support & Debugging,20,Exception Handling & Stack Trace Analysis,stacktrace traceback exception try-catch nullpointerexception segfault unhandled-exception throw rethrow finally stack-unwinding core-dump minidump crash-dump exception-handler fault-handler signal-handler catch-block exception-chaining
1,Production Support & Debugging,21,Performance Profiling & Memory Management,profiler heap-dump memory-leak gc garbage-collection cpu-profiling flame-graph valgrind perf jmeter latency throughput bottleneck cache-miss thread-pool deadlock oom jvisualvm async-profiler memory-fragmentation
1,Production Support & Debugging,22,Outage Management & Crash Triage,outage downtime incident pagerduty opsgenie statuspage failover rollback hotfix crash severity p1 p2 sla mttr mttf war-room incident-commander on-call
1,Production Support & Debugging,23,Dependency & Package Resolution,npm-install pip-install dependency-conflict version-conflict lockfile package-lock yarn-lock peer-dependency transitive-dependency dll-hell classpath module-not-found import-error incompatible-version requirements-txt gemfile-lock cargo-lock go-sum pom-xml resolution-strategy
1,Production Support & Debugging,24,Script Execution & Log Analysis,logging logfile stdout stderr syslog journalctl log4j logback slf4j grep tail logstash fluentd splunk kibana elk log-rotation log-level verbose trace-log
1,Production Support & Debugging,25,Error Code Interpretation & HTTP Diagnostics,http-status 404 500 502 503 401 403 408 429 timeout bad-gateway connection-refused dns-resolution ssl-error tls-handshake certificate-error cors status-code http-error errno
1,Production Support & Debugging,26,Compilation & Build Error Resolution,compile-error syntax-error undefined-reference unresolved-symbol missing-header type-mismatch build-failure link-error include-path missing-dependency deprecated-api incompatible-types build-cache build-log redefinition ambiguous-overload warning-as-error implicit-declaration forward-declaration
1,Production Support & Debugging,27,Configuration & Environment Troubleshooting,misconfiguration env-variable path-variable connection-string config-error port-conflict permission-denied firewall-rule proxy-setting hosts-file dns-config ssl-config java-home environment-setup registry-key dotnet-config env-mismatch wrong-version config-drift
1,Production Support & Debugging,28,UAT & SIT Environment Support,uat sit staging pre-production test-environment sandbox smoke-test regression-test test-data test-case defect bug-report acceptance-test integration-test qa-signoff release-candidate deployment-slot data-masking mock-server test-harness
1,Production Support & Debugging,29,UI/UX Bug Investigation,css-bug layout-shift z-index overflow rendering cross-browser browser-devtools pixel-perfect accessibility wcag screen-reader viewport font-rendering animation-glitch responsive-bug dom-inspector flicker hover-state focus-trap usability
1,Production Support & Debugging,30,Linux/Unix System-Level Debugging,strace ltrace dmesg lsof netstat tcpdump gdb vmstat iostat sar ulimit iptables systemctl proc-filesystem ld-preload ptrace sysctl nslookup top htop
1,Production Support & Debugging,31,Alert Configuration & Severity Management,alertmanager prometheus-alerts snmp-trap threshold sev1 sev2 sev3 alert-fatigue alert-suppression notification-channel webhook-alert alert-routing escalation-policy runbook alert-correlation nagios zabbix icinga watchdog
1,Production Support & Debugging,32,Software Error Reporting & Diagnostics,sentry bugsnag raygun crashlytics rollbar errortracking error-reporting diagnostic-data telemetry breadcrumb error-boundary unhandled-rejection app-center new-relic datadog-apm error-log event-tracking distributed-tracing source-map
1,Production Support & Debugging,33,Quality Control & Inspection Processes,inspection audit code-inspection walkthrough checklist quality-gate sonarqube code-quality static-analysis compliance traceability-matrix review-board defect-density quality-metrics peer-review iso-9001 six-sigma cmmi sampling control-chart
1,Production Support & Debugging,34,Runtime & Logic Error Investigation,runtime-error logic-error off-by-one infinite-loop race-condition null-reference divide-by-zero type-error assertion-failure undefined-behavior buffer-overflow integer-overflow floating-point precision-error concurrency-bug dangling-pointer memory-corruption use-after-free livelock starvation
1,Production Support & Debugging,35,Variable & Identifier Resolution Errors,undefined-variable name-error reference-error scope hoisting shadowing undeclared uninitialized typo case-sensitivity namespace-conflict symbol-resolution binding identifier variable-not-found redeclaration lexical-scope block-scope global-scope this-binding
1,Production Support & Debugging,36,Support Escalation & Tier Management,l1-support l2-support l3-support tier-1 tier-2 tier-3 escalation sla-breach ticket incident-ticket service-desk itsm servicenow remedy helpdesk triage priority queue-management
1,Production Support & Debugging,37,Code Review Feedback & Standards,code-review pull-request-review lgtm nit naming-convention coding-standard style-guide code-smell technical-review review-comment approval requested-changes lint-rule checkstyle pep8 crucible gerrit reviewboard upsource codeowners
1,Production Support & Debugging,38,Root Cause Analysis & Post-Incident Review,root-cause postmortem blameless-postmortem five-whys fishbone-diagram ishikawa timeline contributing-factor corrective-action preventive-action lessons-learned after-action-review incident-report capa rca fault-tree action-items remediation systemic-failure chronic-issue
1,Production Support & Debugging,39,Endpoint Monitoring & Digital Experience,uptime apm synthetic-monitoring rum real-user-monitoring endpoint-health healthcheck ping latency-monitoring availability response-time sli error-rate page-load dynatrace catchpoint lighthouse web-vitals fcp lcp
2,Data Engineering & Database,40,SQL Querying & Data Manipulation (DML),select insert update delete where join subquery cte having union distinct merge upsert truncate coalesce window-function pivot unpivot cross-join left-join exists orderby groupby case-when
2,Data Engineering & Database,41,Schema Design & Data Modeling,erd normalization denormalization primary-key foreign-key cardinality star-schema snowflake-schema dimension-table fact-table surrogate-key indexing constraint ddl alter-table data-type varchar one-to-many many-to-many third-normal-form
2,Data Engineering & Database,42,ETL/ELT Pipelines & Data Warehousing,etl elt airflow dagster prefect talend informatica ssis dbt staging transformation incremental-load cdc change-data-capture data-pipeline slowly-changing-dimension scd orchestration data-warehouse full-load
2,Data Engineering & Database,43,NoSQL Database Administration,mongodb cassandra couchdb dynamodb redis neo4j hbase document-store key-value graph-database column-family sharding eventual-consistency couchbase riak memcached wide-column
2,Data Engineering & Database,44,Big Data Processing & Distributed Computing,hadoop spark mapreduce hdfs yarn hive presto impala databricks pyspark rdd tez pig zeppelin spark-sql dask beam trino distributed-processing
2,Data Engineering & Database,45,Data Ingestion & File Loading,bulk-insert bcp sqlldr csv-import parquet avro orc fivetran stitch airbyte nifi flume bulk-load flat-file delimited fixed-width data-loader ingestion
2,Data Engineering & Database,46,Business Intelligence — Tableau,tableau worksheet calculated-field lod-expression tableau-server tableau-prep hyper tde marks-card blending dual-axis parameter set-action tableau-desktop tableau-public tableau-online viz tableau-cloud story-point extract-refresh
2,Data Engineering & Database,47,Business Intelligence — Power BI & DAX,powerbi dax power-query m-language measure calculated-column pbix dataflow power-bi-service paginated-report row-level-security gateway directquery import-mode calculate sumx filter-context allexcept related treatas
2,Data Engineering & Database,48,"Cloud Data Warehousing (BigQuery/Snowflake/Redshift)",bigquery snowflake redshift spectrum snowpipe external-table materialized-view clustering partitioning copy-into athena data-sharing time-travel zero-copy-clone warehouse-credits virtual-warehouse unload
2,Data Engineering & Database,49,Statistical Sampling & Population Analysis,sampling stratified confidence-interval margin-of-error population census sample-size systematic-sampling cluster-sampling bootstrap oversampling undersampling survey weighting quota-sampling representative-sample random-sample
2,Data Engineering & Database,50,Predictive Modeling & Forecasting,forecasting arima prophet exponential-smoothing time-series sarima xgboost random-forest gradient-boosting cross-validation overfitting hyperparameter feature-engineering ensemble prediction lstm holdout rmse mae backtesting
2,Data Engineering & Database,51,Jupyter Notebooks & Interactive Computing,jupyter notebook ipython jupyterlab jupyterhub kernel nbconvert colab binder voila papermill ipywidgets magic-commands nbviewer nbformat cell-output ipynb jupytext
2,Data Engineering & Database,52,Data Visualization & Charting,matplotlib seaborn plotly bokeh altair d3js heatmap scatter-plot bar-chart histogram choropleth ggplot vega sparkline sunburst treemap chart line-chart pie-chart infographic
2,Data Engineering & Database,53,XML/JSON Configuration & Data Exchange,xml json yaml xpath xslt xsd json-schema jsonpath xml-parser serialization deserialization dtd xml-namespace cdata jsonl toml protobuf marshalling ndjson
2,Data Engineering & Database,54,Product & Master Data Management,mdm master-data golden-record data-stewardship data-quality deduplication entity-resolution reference-data product-catalog sku pim data-governance lineage metadata-management data-dictionary business-glossary
2,Data Engineering & Database,55,Code Refactoring & SQL Optimization,query-plan explain execution-plan index-tuning query-hint optimizer statistics-update covering-index table-scan index-scan deadlock parameterization stored-procedure query-rewrite sql-performance locking
2,Data Engineering & Database,56,Correlation & Regression Analysis,correlation pearson spearman r-squared p-value linear-regression logistic-regression multicollinearity coefficient residual heteroscedasticity anova chi-square t-test covariance ols dependent-variable independent-variable
2,Data Engineering & Database,57,Geospatial & Reference Data Management,geospatial gis postgis shapefile geojson latitude longitude spatial-index projection epsg geocoding reverse-geocoding wkt spatial-join polygon raster coordinate-system
2,Data Engineering & Database,58,Data Lake Architecture & Governance,data-lake lakehouse delta-lake iceberg hudi data-catalog data-mesh bronze-layer silver-layer gold-layer medallion glue-catalog purview collibra alation data-swamp raw-zone curated-zone
2,Data Engineering & Database,59,Real-Time Streaming & Event Processing,kafka kinesis pulsar event-streaming stream-processing pub-sub consumer-group topic offset ksql kafka-connect kafka-streams flink event-sourcing cqrs watermark windowing spark-streaming storm
3,Cloud Infrastructure & DevOps,60,Cloud Provisioning & Resource Management,ec2 s3 azure-vm gce vpc iam resource-group subscription billing quota tagging cost-optimization reserved-instance spot-instance on-demand rightsizing cloud-console azure-portal aws-console
3,Cloud Infrastructure & DevOps,61,Container Orchestration & Kubernetes,kubernetes k8s docker kubectl pod deployment ingress helm kustomize namespace statefulset daemonset replicaset containerd cri-o eks aks gke openshift rancher container-runtime
3,Cloud Infrastructure & DevOps,62,CI/CD Pipeline Automation,ci/cd jenkins github-actions gitlab-ci circleci azure-devops buildkite argo-cd tekton pipeline build-agent nexus artifactory continuous-integration continuous-delivery canary-deployment rollback blue-green
3,Cloud Infrastructure & DevOps,63,Infrastructure as Code (IaC),terraform pulumi cloudformation bicep cdk ansible chef puppet hcl state-file drift-detection terragrunt crossplane cfn plan-apply infrastructure-as-code declarative idempotent
3,Cloud Infrastructure & DevOps,64,"Networking, DNS & Load Balancing",dns load-balancer nginx haproxy alb nlb route53 vnet subnet firewall nat-gateway peering vpn private-link cname a-record ttl ssl-termination reverse-proxy traefik cidr
3,Cloud Infrastructure & DevOps,65,Incident Monitoring & Alerting,pagerduty opsgenie datadog prometheus grafana nagios zabbix alertmanager sla slo sli mttr mttd incident-response on-call runbook uptime healthcheck synthetic-monitoring apm
3,Cloud Infrastructure & DevOps,66,Hardware & IT Endpoint Support,bios uefi firmware driver peripheral printer usb hdmi ram ssd hdd motherboard nic gpu pxe-boot asset-inventory warranty endpoint-management intune cpu-socket
3,Cloud Infrastructure & DevOps,67,Package & Dependency Management (Python/Node),pip npm yarn pnpm conda virtualenv venv pyproject package-lock node-modules requirements-txt poetry pipenv semver lockfile pypi npmjs wheel sdist
3,Cloud Infrastructure & DevOps,68,File Compression & Archive Management,zip tar gzip bzip2 7zip rar zstd xz lz4 compress decompress archive extract tarball snappy deflate pigz unzip gunzip
3,Cloud Infrastructure & DevOps,69,Job Scheduling & Batch Processing,cron crontab quartz autosys control-m celery batch-job job-queue systemd-timer slurm pbs argo-workflows windows-task-scheduler at-command job-scheduling
3,Cloud Infrastructure & DevOps,70,System Cutover & Migration Planning,cutover migration-plan go-live rollback-plan data-migration lift-and-shift replatforming dry-run parallel-run smoke-test hypercare downtime-window wave-plan coexistence fallback
3,Cloud Infrastructure & DevOps,71,Configuration Management & Service Discovery,consul etcd zookeeper vault configmap secrets-manager parameter-store service-registry eureka config-server spring-cloud-config feature-flag launchdarkly dotenv envvar
3,Cloud Infrastructure & DevOps,72,Change Management & RFC Governance,rfc change-request cab itil change-window approval-workflow impact-assessment backout-plan post-implementation-review cmdb servicenow remedy change-freeze normal-change standard-change emergency-change
3,Cloud Infrastructure & DevOps,73,Log Aggregation & Observability (Splunk/ELK),splunk elasticsearch logstash kibana elk fluentd fluentbit opensearch spl siem log-rotation syslog structured-logging loki graylog opentelemetry jaeger zipkin trace-id span
3,Cloud Infrastructure & DevOps,74,Shell Scripting & Unix Administration,bash zsh awk sed grep chmod chown pipe redirect xargs curl wget ssh scp rsync systemctl journalctl tmux shebang dotfiles
3,Cloud Infrastructure & DevOps,75,"Kernel, Boot & OS Operations",grub bootloader initramfs systemd dmesg lsmod modprobe kernel-module kernel-panic swap fstab mount fdisk lvm ext4 xfs btrfs selinux apparmor cgroups ulimit
3,Cloud Infrastructure & DevOps,76,Disaster Recovery & Business Continuity,rpo rto failover failback hot-standby warm-standby cold-standby backup geo-redundancy site-recovery bcdr disaster-recovery snapshot point-in-time-recovery cross-region replication-dr backup-retention
3,Cloud Infrastructure & DevOps,77,Geo-Routing & Edge Computing,cdn cloudfront akamai fastly edge-function lambda-at-edge cloudflare-workers anycast geo-dns latency-based-routing edge-cache edge-computing fog-computing content-delivery pop cloudflare
3,Cloud Infrastructure & DevOps,78,Auto-Scaling & Capacity Elasticity,autoscaling hpa vpa cluster-autoscaler scale-out scale-up scaling-policy cooldown target-tracking predictive-scaling spot-fleet elasticity capacity-planning load-testing asg vmss burst
3,Cloud Infrastructure & DevOps,79,Service Mesh & API Gateway Operations,envoy istio linkerd consul-connect api-gateway kong apigee tyk rate-limiting circuit-breaker sidecar-proxy mtls traffic-management retry-policy timeout-policy fault-injection ingress-gateway
4,Cyber Security & Identity,80,Authentication & Single Sign-On (SSO),sso saml oauth oidc auth0 okta pingidentity keycloak multifactor mfa 2fa fido webauthn biometrics passwordless adfs kerberos ntlm shibboleth login radius dex openid
4,Cyber Security & Identity,81,Access Control & Role-Based Authorization,rbac abac pbac xacml permissions privileges entitlement acl policy authorization openpolicyagent opa cedar zanzibar access-list sudo access-control authorization-model claims-based jwt-authz roles
4,Cyber Security & Identity,82,Cryptography & Certificate Management,pki tls ssl x509 rsa ecc aes pgp gpg letscrypt venafi keystore openssl bouncycastle certificates mtls hashing encryption decryption cipher kdf key-exchange
4,Cyber Security & Identity,83,Threat Detection & Vulnerability Management,siem edr mdr xdr soc splunk qradar crowdstrike qualys tenable nessus wazuh snort suricata zeek malware ransomware phishing ioc cve cvss threat-intel
4,Cyber Security & Identity,84,Regulatory Compliance Frameworks,soc2 iso27001 pci-dss hipaa fedramp nist gdpr-framework ccpa fisma cobit hitrust itil cybersecurity-framework cmmc fca pra nerc-cip psd2 basel sox
4,Cyber Security & Identity,85,Risk Governance & Control Assessment,grc archer servicenow-grc metricstream risk-appetite risk-tolerance inherent-risk residual-risk control-matrix rcm kpi kri risk-assessment bowtie-analysis erm enterprise-risk csa self-assessment
4,Cyber Security & Identity,86,Data Privacy & PII Protection,pii phi gdpr dsar ccpa-compliance cpra anonymization pseudonymization data-masking tokenization data-loss-prevention dlp purview macie bigid onetrust privacy-impact pia dpia right-to-be-forgotten
4,Cyber Security & Identity,87,Regulatory Operations & Examination,examiner audit-trail regulatory-exam consent-order mra mria regulatory-inquiry subpoena-response e-discovery compliance-audit regulators occ cfpb finra sec-reporting aml-exam fca-exam audit-readiness
4,Cyber Security & Identity,88,On-Call & Incident Response Operations,pagerduty opsgenie victorops incident-command ir-plan playbook runbook severity-1 sev-1 outage post-mortem blameless rca root-cause mttr mttd forensics memory-dump triage
4,Cyber Security & Identity,89,Security Risk Product Ownership,security-backlog threat-modeling stride pasta secops-roadmap security-epics user-stories ciso-dashboard security-metrics roi-security security-roi appsec-pipeline security-champion sdlc-security devsecops-tools security-features
4,Cyber Security & Identity,90,Compliance Control Testing & Attestation,attestation control-testing walkthroughs tests-of-design tod tests-of-operating-effectiveness toe sampling-methodology evidence-collection aicpa isae3402 ssae18 control-deficiency material-weakness significant-deficiency audit-working-papers
4,Cyber Security & Identity,91,Compliance Data & Reporting,compliance-dashboard regulatory-reporting sar suspicious-activity ctr aml-data kyc-data sanction-screening transaction-monitoring ofac-list pep-screening regulatory-submission compliance-kpi grc-reporting audit-metrics
4,Cyber Security & Identity,92,Fraud Detection & Security Operations,fraud-ring account-takeover ato credential-stuffing bot-management recaptcha fraud-analytics anomalies behavioral-biometrics device-fingerprinting money-laundering smurfing chargeback-fraud synthetic-identity dark-web-monitoring
4,Cyber Security & Identity,93,Inherent Risk Assessment & Scoring,risk-scorecard vulnerability-scoring threat-probability impact-analysis likelihood-rating qualitative-risk quantitative-risk fair-methodology risk-heat-map risk-matrix asset-criticality risk-tiering profiling-risk risk-scoring quantitative-analysis qualitative-analysis risk-exposure risk-profile
4,Cyber Security & Identity,94,Credit Risk & Card Portfolio Management,credit-score fico ltv dti default-rate delinquency-rate charge-off credit-limit underwrite card-issuing revolving-credit apr credit-utilization portfolio-risk var value-at-risk cecl
4,Cyber Security & Identity,95,Secrets & Privileged Access Management,pam cyberark beyondtrust thycotic hashicorp-vault aws-secrets-manager azure-key-vault gcp-secret-manager secret-rotation privileged-accounts vaulting hardcoded-secrets service-accounts break-glass credential-vaulting
4,Cyber Security & Identity,96,Issue Remediation & Corrective Action,capa corrective-action preventive-action remediation-plan poam plan-of-action issue-tracking defect-management exception-management risk-acceptance vulnerability-patching zero-day-patching mitigation-strategy bug-bounty vulnerability-remediation patch-management risk-treatment security-exception waiver-process mitigation-plan
4,Cyber Security & Identity,97,Identity Governance & Lifecycle Management,iga sailpoint saviynt oracle-oig provisioning deprovisioning movers-joiners-leavers mjl jml access-certification recertification identity-lifecycle entitlement-review access-request segregation-of-duties sod
4,Cyber Security & Identity,98,Security Architecture & Zero Trust,zero-trust ztna sase sse microsegmentation illumio tailscale cloudflare-access beyondcorp network-policies boundary secure-enclave trusted-execution tec sgx trust-boundary
4,Cyber Security & Identity,99,Penetration Testing & Red Team Operations,pentest red-team blue-team purple-team metasploit burp-suite kali cobalt-strike nmap owasp-zap sqlmap privilege-escalation lateral-movement exfiltration c2 command-and-control payloads exploit-db
5,Business Communication & Writing,100,Email Composition & Correspondence,mailchimp outlook-email gmail-draft subject-line signature-block out-of-office ooo cc bcc forward reply-all salutation sign-off polite-email formal-email cold-email follow-up-email newsletter-copy email-etiquette inbox-zero mail-merge
5,Business Communication & Writing,101,"Copywriting, Editing & Proofreading",grammarly hemingway-app readability-score active-voice passive-voice plagiarism-checker rewriting paraphrasing thesaurus line-editing structural-editing copyedit proofread style-guide ap-style chicago-manual editorial-guidelines content-editing copy-editing proofreading-marks
5,Business Communication & Writing,102,Translation & Localization Services,google-translate deepl sdl-trados localization l10n i18n translation-memory glossary-management multilingual transcreation target-language source-language machine-translation post-editing cultural-nuance right-to-left rtl dubbing subtitling localization-testing
5,Business Communication & Writing,103,Presentation Design & Visual Storytelling,powerpoint keynote google-slides pitch-deck slide-deck slide-master animations transitions typography color-palette data-visualization infographics visual-hierarchy storytelling storyboard presenter-notes dual-screen slidedeck visual-aids slide-layout
5,Business Communication & Writing,104,Technical & Product Documentation,markdown sphinx mkdocs readthedocs confluence docusaurus swagger openapi api-docs user-manual release-notes changelog how-to-guide reference-architecture architectural-decision-records adr tech-specs whitepaper gitbook readme-file user-guide technical-writing developer-portal
5,Business Communication & Writing,105,Executive Summaries & Briefing Notes,tldr exec-summary one-pager elevator-pitch briefing-doc talking-points key-takeaways bottom-line highlights high-level-overview board-deck steering-committee-report status-summary executive-brief management-summary executive-dashboard state-of-the-business c-suite-prep strategy-brief leadership-summary
5,Business Communication & Writing,106,Internal Communications & Announcements,intranet sharepoint all-hands town-hall company-wide-email staff-newsletter org-announcement leadership-update culture-building corporate-comms employee-comms noticeboard memo-writing bulletin crisis-communication change-management-comms viva-engage yammer staff-update internal-memo
5,Business Communication & Writing,107,"Grammar, Syntax & Language Correction",grammar-check syntax-error verb-tense subject-verb-agreement dangling-modifier split-infinitive punctuation-rules oxford-comma semicolon apostrophe pronoun-antecedent spell-checker capitalization proofing linguistic-analysis idiom colloquialism tone-adjustment vocabulary-enhancement word-choice typos sentence-structure
5,Business Communication & Writing,108,Instant Messaging & Collaboration Tools,slack microsoft-teams discord webex-teams mattermost rocket-chat chat-channels direct-message dm slackbot teams-bot emojis threads mentions ping notifications status-message chatops huddle async-communication
5,Business Communication & Writing,109,"Diagrams, Flowcharts & Visual Modeling",lucidchart visio drawio mermaidjs plantuml mindmap bpmn sequence-diagram architecture-diagram wireframe uml flowchart erd entity-relationship process-mapping swimlane concept-map venn-diagram network-topology org-chart
5,Business Communication & Writing,110,Meeting Scheduling & Calendar Management,calendly outlook-calendar google-calendar doodle-poll time-zones free-busy scheduling-conflict recurring-meeting meeting-invite agenda-setting meeting-scheduler rsvp double-booking timeboxing calendar-invite booking-link availability-sync calendar-sharing block-time out-of-office-reply
5,Business Communication & Writing,111,Sales Enablement & CRM Communications,salesforce hubspot outreach salesloft cold-calling cadences objection-handling discovery-call pitch-script follow-up-sequence b2b-sales crm-notes pipeline-update deal-room battlecards buyer-persona value-proposition win-loss-analysis sales-collateral
5,Business Communication & Writing,112,Employee Engagement & Retention Comms,employee-survey culture-amp glint pulse-survey enps employee-net-promoter feedback-loop recognition-program kudos shout-outs employee-appreciation wellness-initiative retention-strategy exit-interview stay-interview engagement-metrics morale-booster team-building-invite employee-spotlight
5,Business Communication & Writing,113,Marketing Campaigns & Digital Outreach,marketo hubspot-marketing seo sem ppc ad-copy landing-page cta call-to-action click-through-rate ctr conversion-rate a/b-testing bounce-rate email-campaign drip-campaign social-media-post hootsuite buffer brand-awareness lead-generation
5,Business Communication & Writing,114,"Mentorship, Coaching & Career Development",one-on-one 1:1 career-pathing idp individual-development-plan goal-setting okrs smart-goals feedback-session performance-review 360-feedback peer-review coaching-framework grow-model mentorship-program protege upskilling reskilling skills-matrix continuous-feedback
5,Business Communication & Writing,115,Vendor & Third-Party Relationship Management,rfp rfi rfq vendor-assessment sla service-level-agreement msa master-service-agreement sow statement-of-work nda non-disclosure procurement-contract supplier-onboarding vendor-risk-management due-diligence third-party-risk contract-negotiation vendor-scorecard procurement-process rfp-response
5,Business Communication & Writing,116,Compensation & Payroll Communications,payslip paystub w2 w4 direct-deposit salary-adjustment bonus-payout equity-grant rsu espp open-enrollment benefits-package 401k-match payroll-schedule compensation-philosophy total-rewards merit-increase salary-band payroll-deduction
5,Business Communication & Writing,117,Learning & Development Programs,lms learning-management-system scorm e-learning training-module onboarding-course course-curriculum instructional-design microlearning webinar-recording skillsoft coursera-for-business udemy-business knowledge-check learning-path completion-rate instructor-led-training ilt blended-learning
5,Business Communication & Writing,118,"Meeting Notes, Transcripts & Recordings",otter-ai fireflies-ai zoom-recording transcription meeting-minutes action-items key-decisions meeting-summary dictate voice-to-text dictation closed-captions meeting-notes transcript audio-recording verbatim stenography shorthand meeting-recap
5,Business Communication & Writing,119,Live Chat & Customer Support Operations,zendesk intercom drift chat-widget chatbot-flow canned-responses macros ticketing-system helpdesk csat nps first-response-time resolution-time customer-inquiry support-ticket live-agent knowledge-base-article faqs support-escalation
6,Executive Strategy & Management,120,KPI Design & Performance Measurement,kpi scorecard balanced-scorecard lagging-indicator leading-indicator northstar-metric metric-tree target-setting variance-analysis performance-measurement smart-goals outcome-metric activity-metric metric-hierarchy kpi-library data-driven-decisions kpi-cascade metric-owner metric-refresh
6,Executive Strategy & Management,121,"Revenue, Margin & P&L Tracking",revenue margin pnl gross-margin ebitda ebit cogs arpu mrr arr ltv cac operating-margin contribution-margin revenue-recognition profitability income-statement top-line bottom-line net-income
6,Executive Strategy & Management,122,Strategic Planning & OKR Framework,okr strategic-planning strategic-roadmap vision mission objectives key-results quarterly-planning annual-planning strategy-map hoshin-kanri bhag swot pestle goal-setting cascading-goals strategic-alignment v2mom long-range-plan
6,Executive Strategy & Management,123,Talent Strategy & Workforce Planning,talent-strategy workforce-planning succession-planning headcount talent-acquisition employer-branding skills-gap attrition talent-pipeline competency-framework upskilling reskilling workforce-analytics people-analytics human-capital org-design talent-management nine-box
6,Executive Strategy & Management,124,Market Intelligence & Competitive Analysis,competitive-analysis market-intelligence competitor-benchmarking market-share competitive-landscape industry-analysis market-sizing tam sam som win-loss-analysis battlecard competitive-positioning moat gartner forrester idc market-trends
6,Executive Strategy & Management,125,Banking & Financial Services Strategy,banking fintech financial-services basel regulatory-compliance aml kyc wealth-management retail-banking commercial-banking neobank open-banking psd2 swift payments finserv credit-risk lending digital-banking core-banking
6,Executive Strategy & Management,126,Organizational Culture & Employee Experience,culture employee-experience engagement-survey enps employee-engagement dei inclusion belonging pulse-survey onboarding offboarding employer-brand glassdoor workplace-culture psychological-safety values-alignment recognition-program esat
6,Executive Strategy & Management,127,Capacity Planning & Resource Optimization,capacity-planning resource-optimization utilization demand-forecasting workload-balancing bottleneck capacity-model resource-leveling staffing-model billable-hours fte headcount-planning bench-strength capacity-utilization right-sizing load-modeling run-rate
6,Executive Strategy & Management,128,Pilot Programs & Innovation Incubation,pilot-program innovation incubation poc proof-of-concept mvp prototype sandbox innovation-lab skunkworks design-thinking ideation hackathon venture-building intrapreneurship experimentation lean-startup rapid-prototyping
6,Executive Strategy & Management,129,Inventory & Supply Chain Strategy,inventory supply-chain logistics procurement sourcing warehouse demand-planning safety-stock reorder-point sku vendor-managed-inventory jit just-in-time scm fulfillment stockout lead-time bill-of-materials bom
6,Executive Strategy & Management,130,Investor Relations & Shareholder Communications,investor-relations shareholder earnings-call sec-filing 10-k 10-q annual-report proxy-statement ir-deck shareholder-letter dividend buyback eps guidance analyst-day roadshow esg-reporting
6,Executive Strategy & Management,131,International Pricing & FX Strategy,pricing fx foreign-exchange currency hedging transfer-pricing cross-border tariff duty localization geo-pricing purchasing-power-parity international-pricing exchange-rate forex currency-risk price-parity
6,Executive Strategy & Management,132,Customer Lifecycle & Retention Strategy,customer-lifecycle retention churn clv customer-journey nps csat loyalty-program customer-retention cohort-analysis win-back upsell cross-sell renewal-rate customer-success churn-rate expansion-revenue customer-health-score
6,Executive Strategy & Management,133,Sales Operations & Deal Management,sales-operations deal-management pipeline crm salesforce hubspot quota territory-planning deal-desk cpq sales-forecasting win-rate close-rate opportunity-management sales-enablement sales-velocity bookings
6,Executive Strategy & Management,134,Data Governance & Stewardship Strategy,data-governance stewardship data-catalog data-lineage metadata-management data-quality data-owner data-steward master-data-management mdm data-classification data-dictionary collibra alation informatica data-policy data-standards
6,Executive Strategy & Management,135,Telesales & Contact Center Strategy,telesales contact-center call-center ivr acd outbound-calling inbound-calling average-handle-time aht first-call-resolution fcr dialer predictive-dialer workforce-management wfm telephony genesys five9 nice-incontact
6,Executive Strategy & Management,136,Thought Leadership & Industry Publications,thought-leadership whitepaper industry-report keynote byline op-ed speaking-engagement conference-presentation publication analyst-briefing content-strategy executive-visibility point-of-view research-paper industry-insights
6,Executive Strategy & Management,137,Decision Governance & RACI Frameworks,raci decision-governance rasci accountability decision-rights decision-matrix governance-model authority-matrix escalation-path decision-log approval-workflow sign-off delegation charter decision-framework decision-authority
6,Executive Strategy & Management,138,Process Excellence & Continuous Improvement,process-excellence continuous-improvement kaizen six-sigma lean dmaic pdca value-stream-mapping root-cause-analysis fishbone-diagram 5-whys gemba process-mining process-optimization tqm bpm operational-excellence
6,Executive Strategy & Management,139,Brand Strategy & Marketplace Management,brand-strategy marketplace branding brand-equity brand-positioning brand-architecture brand-guidelines co-branding private-label marketplace-management brand-perception brand-health-tracker brand-audit rebranding brand-voice brand-identity
7,Process & Project Management,140,Agile Methodologies & Scrum Practices,agile scrum kanban sprint backlog user-story story-points velocity burndown epic sprint-planning daily-scrum scrum-master product-owner sprint-review safe scaled-agile sprint-backlog increment
7,Process & Project Management,141,Issue Tracking & Service Management,issue-tracking jira servicedesk servicenow zendesk incident-management ticket bug-tracking sla escalation triage prioritization helpdesk itsm itil service-request problem-management cmdb
7,Process & Project Management,142,Workflow Automation & Process Design,workflow-automation process-design bpmn zapier power-automate nintex camunda process-flow workflow-engine orchestration business-rules low-code no-code rpa uipath process-modeling automation-rule
7,Process & Project Management,143,Meeting Facilitation & Action Tracking,meeting-facilitation action-item agenda minutes action-tracking follow-up meeting-notes parking-lot timeboxing facilitation meeting-cadence async-standup action-register war-room standup-notes meeting-recap
7,Process & Project Management,144,Release Management & Deployment Planning,release-management deployment-planning release-notes release-train release-cadence rollback blue-green canary-release feature-flag release-branch go-live cutover deployment-checklist change-advisory-board cab release-pipeline
7,Process & Project Management,145,Product Management & Roadmapping,product-management roadmap prd product-requirements user-story-mapping product-backlog product-vision feature-prioritization product-discovery product-strategy product-lifecycle aha productboard roadmapping jobs-to-be-done jtbd product-market-fit kano-model moscow
7,Process & Project Management,146,Intake Management & Request Triage,intake-management request-triage intake-form service-catalog demand-management request-queue intake-process work-intake prioritization-matrix triage-criteria intake-portal request-routing backlog-grooming request-classification intake-workflow
7,Process & Project Management,147,Program Management & Portfolio Governance,program-management portfolio-governance portfolio-management program-charter benefits-realization governance-board steering-committee portfolio-dashboard program-increment investment-committee portfolio-prioritization epmo strategic-portfolio program-roadmap dependency-mapping program-risk
7,Process & Project Management,148,Stakeholder Management & Communication Plans,stakeholder-management communication-plan stakeholder-mapping stakeholder-analysis power-interest-grid stakeholder-register engagement-strategy stakeholder-alignment exec-sponsor change-champion communication-cadence stakeholder-briefing influence-mapping stakeholder-matrix status-update
7,Process & Project Management,149,Risk & Dependency Management,risk-management dependency-management risk-register risk-matrix risk-mitigation risk-assessment probability-impact raid-log dependency-tracker blocker impediment contingency-plan risk-appetite risk-response risk-owner early-warning
7,Process & Project Management,150,Resource Allocation & Team Planning,resource-allocation team-planning resource-management staffing resource-calendar resource-pool skill-matrix allocation-model team-topology cross-functional matrixed bench-management resource-forecast resource-utilization team-structure
7,Process & Project Management,151,Project Budgeting & Financial Tracking,project-budgeting financial-tracking earned-value-management evm cost-variance schedule-variance budget-forecast actual-cost planned-value burn-rate cost-baseline contingency-budget capex opex project-financials cost-performance-index
7,Process & Project Management,152,Change Request & Scope Management,change-request scope-management scope-creep change-control-board ccb change-order scope-baseline impact-assessment change-log configuration-management baseline-management scope-statement requirements-change gold-plating scope-verification
7,Process & Project Management,153,Status Reporting & Executive Dashboards,status-reporting executive-dashboard rag-status stoplight-report weekly-status project-dashboard burndown-chart burnup-chart progress-report executive-summary health-check kpi-report project-scorecard project-timeline status-cadence
7,Process & Project Management,154,Vendor & Contract Management,vendor-management contract-management sow statement-of-work msa nda rfp rfq vendor-evaluation vendor-scorecard contract-renewal penalty-clause sla-management vendor-onboarding supplier-management vendor-risk
7,Process & Project Management,155,Quality Gates & Milestone Reviews,quality-gate milestone-review phase-gate tollgate gate-review deliverable-acceptance milestone-tracking stage-gate go-no-go completion-criteria readiness-review checkpoint approval-gate milestone-sign-off deliverable-review
7,Process & Project Management,156,Retrospectives & Lessons Learned,retrospective lessons-learned retro sprint-retrospective post-mortem after-action-review blameless-postmortem feedback-loop improvement-action starfish-retro mad-sad-glad sailboat-retro continuous-learning what-went-well retrospective-action
7,Process & Project Management,157,Project Scheduling & Critical Path Analysis,project-scheduling critical-path cpm pert gantt milestone-chart network-diagram float slack wbs work-breakdown-structure ms-project primavera predecessor successor fast-tracking crashing lead-lag
7,Process & Project Management,158,Documentation & Knowledge Transfer,documentation knowledge-transfer wiki confluence sharepoint runbook playbook sop standard-operating-procedure knowledge-base handoff handover documentation-template onboarding-docs knowledge-repository
7,Process & Project Management,159,Governance Frameworks & PMO Operations,governance-framework pmo project-governance methodology-selection prince2 pmbok waterfall hybrid-methodology pmo-charter governance-review compliance-audit project-standards portfolio-review gating-process pmo-operations
8,Testing & Quality Assurance,160,Unit Testing & Code Coverage,unit-testing code-coverage junit pytest xunit nunit mocha jest mock stub tdd test-fixture coverage-report line-coverage branch-coverage mocking-framework test-double
8,Testing & Quality Assurance,161,Integration & End-to-End Testing,integration-testing end-to-end e2e cypress playwright selenium testcafe webdriver puppeteer system-testing smoke-testing sanity-testing component-testing full-stack-testing integration-suite
8,Testing & Quality Assurance,162,Performance & Load Testing,performance-testing load-testing jmeter gatling locust k6 stress-testing latency response-time concurrent-users tps benchmark soak-testing spike-testing artillery blazemeter
8,Testing & Quality Assurance,163,Quality Assurance & Defect Management,quality-assurance defect-management bug defect bug-lifecycle defect-triage severity priority defect-density qa-process quality-metrics defect-tracking bugzilla mantis defect-report escape-rate qa-signoff
8,Testing & Quality Assurance,164,Debugging & Log-Level Diagnostics,debugging log-level diagnostics breakpoint stacktrace debugger logging trace log-analysis log-aggregation gdb lldb pdb chrome-devtools profiling core-dump memory-dump exception-handling verbose-logging
8,Testing & Quality Assurance,165,Code Review & Static Analysis,code-review static-analysis sonarqube lint eslint pylint checkstyle findbugs pmd pull-request peer-review codeql sast code-smell cyclomatic-complexity code-inspection rubocop
8,Testing & Quality Assurance,166,Test Execution & Results Reporting,test-execution results-reporting test-runner test-report test-suite-execution test-log xray testrail testng qtest zephyr test-metrics pass-rate fail-rate execution-status test-dashboard test-summary
8,Testing & Quality Assurance,167,Test Assertions & Validation Frameworks,assertion assertj hamcrest chai expect matcher test-assertion json-schema response-validation data-validation custom-matcher fluent-assertion snapshot-testing property-based-testing hypothesis quickcheck
8,Testing & Quality Assurance,168,Test Automation Frameworks & CI Integration,test-automation ci-integration selenium-grid jenkins-pipeline github-actions gitlab-ci test-framework robot-framework codeceptjs nightwatch test-orchestration parallel-testing automated-regression ci/cd-testing headless-testing pipeline-testing
8,Testing & Quality Assurance,169,Security Testing & Vulnerability Scanning,security-testing vulnerability-scanning owasp zap burp-suite penetration-testing dast iast dependency-scanning snyk trivy cve exploit sql-injection xss csrf security-audit
8,Testing & Quality Assurance,170,API Testing & Contract Validation,api-testing contract-testing postman newman swagger rest-assured karate pact consumer-driven-contract openapi graphql-testing soapui api-mock api-validation endpoint-testing schema-validation
8,Testing & Quality Assurance,171,Mobile & Cross-Browser Testing,mobile-testing cross-browser browserstack saucelabs appium xcuitest espresso responsive-testing device-farm cross-platform ios-testing android-testing browser-compatibility lambdatest mobile-automation screen-resolution
8,Testing & Quality Assurance,172,Regression Testing & Test Suite Management,regression-testing test-suite-management regression-suite test-selection test-prioritization test-maintenance smoke-suite sanity-suite test-catalog test-baseline test-coverage-gap flaky-test test-stability rerun-strategy test-refactoring
8,Testing & Quality Assurance,173,Test Data Management & Environment Setup,test-data-management environment-setup test-environment test-fixture-data synthetic-data data-masking data-anonymization test-database seed-data environment-provisioning docker-compose testcontainers environment-parity staging sandbox-environment
8,Testing & Quality Assurance,174,Acceptance Testing & User Sign-Off,acceptance-testing user-sign-off uat user-acceptance-testing business-acceptance bdd behavior-driven-development gherkin cucumber acceptance-criteria feature-file given-when-then stakeholder-sign-off pilot-testing go-live-readiness
8,Testing & Quality Assurance,175,Accessibility & Compliance Testing,accessibility-testing compliance-testing wcag ada section-508 aria screen-reader axe lighthouse a11y color-contrast keyboard-navigation vpat accessibility-audit ada-compliance inclusive-design
8,Testing & Quality Assurance,176,Chaos Engineering & Resilience Testing,chaos-engineering resilience-testing chaos-monkey litmus gremlin fault-injection failure-mode blast-radius circuit-breaker game-day disaster-recovery failover graceful-degradation steady-state reliability-testing
8,Testing & Quality Assurance,177,Test Strategy & Planning,test-strategy test-planning test-plan test-approach test-estimation test-scope test-coverage-analysis risk-based-testing test-pyramid test-quadrant test-charter test-policy test-objectives entry-criteria exit-criteria test-schedule
8,Testing & Quality Assurance,178,Shift-Left Testing & DevOps Quality,shift-left continuous-testing developer-testing pre-commit-testing pipeline-quality quality-engineering shift-left-security quality-as-code test-in-pipeline trunk-based-testing feature-branch-testing devops-quality built-in-quality quality-gate-ci test-early
8,Testing & Quality Assurance,179,Monitoring, Observability & Production Validation,monitoring observability production-validation canary-testing synthetic-monitoring apm datadog newrelic prometheus grafana splunk distributed-tracing opentelemetry slo sli error-budget dark-launch production-readiness
9,Data Analytics & Visualization,180,Spreadsheet Analytics & Excel Automation,vlookup hlookup pivot_table macro vba xlookup index_match sumifs countifs spreadsheet excel_formula google_sheets power_query conditional_formatting worksheet workbook cell_reference xlsx solver data_validation goal_seek
9,Data Analytics & Visualization,181,Dashboard Design & Interactive Visualization,tableau qlik_sense superset metabase looker plotly bokeh d3.js highcharts echarts dashboard_widget tooltip crossfilter drill_down data_viz chart_js infogram grafana redash kibana visual_analytics
9,Data Analytics & Visualization,182,Descriptive & Inferential Statistics,p_value t_test anova chi_square variance standard_deviation mean median mode kurtosis skewness correlation regression_coefficient hypothesis_testing confidence_interval z_score non_parametric null_hypothesis stat_significance probability_distribution
9,Data Analytics & Visualization,183,Data Cleansing & Transformation,imputation deduplication missing_values outlier_removal normalization standardization one_hot_encoding data_wrangling pandas numpy etl elt alibi trifacta openrefine data_prep datatype_casting regex_replace string_manipulation unpivot melt
9,Data Analytics & Visualization,184,Data Science & Machine Learning,xgboost random_forest scikit_learn caret h2o mlr feature_importance cross_validation grid_search hyperparameters oversampling smote pca dimensionality_reduction classification_report roc_auc f1_score confusion_matrix logloss catboost
9,Data Analytics & Visualization,185,Operational & Executive Reporting,crystal_reports ssrs jasper_reports bi_publisher paginated_reports report_builder executive_summary daily_digest board_deck management_reporting variance_analysis pdf_export report_bursting static_report tabular_model drill_through financial_statement ad_hoc_reporting snapshot tabular_data
9,Data Analytics & Visualization,186,Power BI Development & DAX Modeling,power_bi pbi dax calculate filter allselected evaluate tabular_editor dax_studio power_bi_service dataset_refresh row_level_security star_schema snowflake_schema fact_table dim_table power_query_m directquery import_mode composite_model
9,Data Analytics & Visualization,187,AI/ML Vector Operations & Embeddings,embeddings word2vec glove fasttext sentence_transformers faiss pinecone milvus weaviate qdrant chroma pgvector vector_search cosine_similarity dot_product euclidean_distance annoy ann hnsw lsh vector_database
9,Data Analytics & Visualization,188,A/B Testing & Experimentation,ab_test split_test multivariate_testing mvt optimizely vwo google_optimize launchdarkly statistical_power minimum_detectable_effect sample_size control_group treatment_group conversion_rate_optimization cro bayesian_ab multi_armed_bandit holdout_group uplift_modeling sequential_testing
9,Data Analytics & Visualization,189,Customer Analytics & Segmentation,rfm_analysis clv churn_prediction customer_lifetime_value k_means dbscan hierarchical_clustering market_basket association_rules apriori fpgrowth churn_rate demographic_segmentation behavioral_segmentation retention_rate loyalty_analytics propensity_model uplift
9,Data Analytics & Visualization,190,Text Analytics & Natural Language Processing,nlp nltk spacy gensim tf_idf countvectorizer tokenization lemmatization stemming pos_tagging ner named_entity_recognition word_cloud topic_modeling lda latent_dirichlet_allocation sentiment_polarity text_classification bag_of_words n_grams
9,Data Analytics & Visualization,191,Time Series Analysis & Forecasting,arima sarima prophet holt_winters exponential_smoothing adf_test stationarity autocorrelation pacf moving_average seasonality trend_analysis granger_causality vector_autoregression lstm_time_series forecast_accuracy mape rmse statsmodels darts
9,Data Analytics & Visualization,192,Geospatial Analytics & Mapping,gis qgis arcgis postgis geopandas shapely folium leaflet spatial_join buffer_analysis routing_algorithm geocoding choropleth heat_map rtree bounding_box wkt geojson epsg raster_data
9,Data Analytics & Visualization,193,Business Metrics & KPI Dashboards,kpi okr mrr arr clv cac nps roas roi ebitda gross_margin conversion_funnel leading_indicator lagging_indicator balanced_scorecard metric_tree gauge_chart bullet_chart performance_management goal_tracking metric_monitoring
9,Data Analytics & Visualization,194,Data Storytelling & Presentation Analytics,data_storytelling narrative_arc presentation_deck powerpoint keynote google_slides chart_annotations contextual_insights dataviz_best_practices scrollytelling infographic explainer cognitive_load chart_junk visual_hierarchy callout_text actionable_insight slide_layout
9,Data Analytics & Visualization,195,Anomaly Detection & Outlier Analysis,isolation_forest one_class_svm local_outlier_factor mahalanobis z_score_anomaly autoencoder_anomaly fraud_detection network_intrusion statistical_process_control control_chart cusum ewmma grubbs_test anomalies outliers novelty_detection robust_covariance
9,Data Analytics & Visualization,196,Cohort Analysis & Funnel Optimization,cohort_retention survival_curve kaplan_meier drop_off_rate funnel_stage user_journey path_analysis sankey_diagram user_flow churn_cohort acquisition_cohort retention_matrix ltv_by_cohort event_tracking funnel_conversion session_analysis
9,Data Analytics & Visualization,197,Web Analytics & Digital Performance,google_analytics ga4 adobe_analytics mixpanel amplitude heap pageviews bounce_rate session_duration click_through_rate utm_parameters source_medium traffic_acquisition behavioral_flow event_tagging google_tag_manager core_web_vitals heatmaps
9,Data Analytics & Visualization,198,Survey Analytics & Sentiment Analysis,qualtrics surveymonkey typeform likert_scale net_promoter_score open_ended_responses verbatim_analysis sentiment_score vader_sentiment textblob emotion_detection polarity subjectivity survey_weighting cross_tabulation thematic_analysis csat ces
9,Data Analytics & Visualization,199,Prescriptive Analytics & Optimization Modeling,linear_programming mixed_integer_programming pulp gurobi cplex nonlinear_programming constraint_programming network_flow supply_chain_optimization inventory_routing vehicle_routing simplex_algorithm objective_function decision_variables sensitivity_analysis scenario_planning monte_carlo
10,General Productivity & Knowledge,200,Text Summarization & Content Distillation,tldr exec_summary bullet_points reading_comprehension abstractive_summarization extractive_summarization cliff_notes digest paraphrase condense rephrase gist key_takeaways skim article_summary document_compression highlight_extraction
10,General Productivity & Knowledge,201,Brainstorming & Concept Ideation,mind_mapping miro mural lucidspark figjam ideation brainwriting scumper reverse_brainstorming lateral_thinking affinity_diagram crazy_eights concept_board mood_board idea_generation thought_experiment whiteboarding swot pestle
10,General Productivity & Knowledge,202,Document Formatting & Template Design,ms_word google_docs pdf_formatting latex markdown styling_template typography pagination header_footer styles_pane mail_merge table_of_contents boilerplate docx layout_design indentations margins font_formatting
10,General Productivity & Knowledge,203,Educational Content & Explanations,e_learning instructional_design scorm lms moodle canvas blackboard pedagogical didactic flashcards spaced_repetition quiz_generation lesson_plan syllabus tutorial explainer_video study_guide rubrics learning_objectives
10,General Productivity & Knowledge,204,Mathematical & Scientific Computation,wolfram_alpha mathematica matlab maple sympy scipy calculus linear_algebra differential_equations symbolic_computation numeric_methods integration derivatives matrix_operations scientific_calculator curve_fitting fourier_transform plot_functions
10,General Productivity & Knowledge,205,Video Conferencing & Virtual Collaboration,zoom microsoft_teams webex google_meet screen_sharing virtual_background breakout_rooms meeting_recording transcripts meeting_minutes collaboration_tools remote_work asynchronous_communication whiteboard_sharing scheduling_links co_working poll_creation chat_moderation
10,General Productivity & Knowledge,206,SLA Management & Service Level Tracking,sla slo sli uptime_guarantee downtime outage_tracking availability_metrics mttr mtbf incident_response response_time resolution_time service_desk zendesk servicenow pagerduty opsgenie escalation_policy penalty_clause support_tier
10,General Productivity & Knowledge,207,Technical Knowledge Base & Documentation,confluence notion sharepoint docusaurus mkdocs readthedocs sphinx swagger openapi wiki technical_writing user_manual api_reference architecture_decision_record adr runbook standard_operating_procedure sop release_notes docstrings
10,General Productivity & Knowledge,208,Operations Center & NOC Management,noc soc monitoring_dashboard alert_fatigue observability datadog new_relic dynatrace splunk log_management sysadmin network_monitoring ping_status server_health infrastructure_monitoring duty_roster shift_handover incident_command post_mortem
10,General Productivity & Knowledge,209,Content Upload & Batch Processing,bulk_upload csv_import ftp sftp aws_s3_bucket batch_job cron_job scheduled_task background_worker celery rabbitmq message_queue file_transfer pagination_api rate_limiting multipart_upload data_ingestion migration_script ingest_pipeline
10,General Productivity & Knowledge,210,Agile Backlog & Story Management,jira asana trello rally azure_devops user_story epic acceptance_criteria story_points planning_poker sprint_planning backlog_grooming burndown_chart velocity scrum_master kanban_board wip_limit sprint_retrospective product_owner
10,General Productivity & Knowledge,211,RAG Architecture & Retrieval-Augmented AI,rag llamaindex langchain document_loaders chunking text_splitters retriever context_window prompt_injection hallucination_mitigation semantic_search hybrid_search reranking cross_encoder bm25 query_expansion knowledge_graph_rag generation_augmented vector_store
10,General Productivity & Knowledge,212,Approval Workflows & Authorization Chains,maker_checker approval_matrix workflow_engine camunda zeebe bpmn role_based_access rbac segregation_of_duties audit_trail compliance_check esignature docusign signnow request_for_approval routing_rules delegate_authority escalation_rules multi_step_approval
10,General Productivity & Knowledge,213,Generative AI & LLM Integration,openai anthropic gemini claude gpt4 prompt_engineering few_shot chain_of_thought fine_tuning peft lora system_prompt temperature_setting max_tokens api_key_management token_usage function_calling tool_use semantic_cache guardrails
10,General Productivity & Knowledge,214,Survey Design & Feedback Collection,questionnaire routing_logic skip_logic matrix_questions likert semantic_differential response_rate incentive_management anonymity survey_distribution panel_management pilot_testing construct_validity qualitative_feedback form_builder google_forms
10,General Productivity & Knowledge,215,Knowledge Management & Information Architecture,taxonomy ontology metadata tags folksonomy content_strategy card_sorting tree_testing findability search_relevance knowledge_graph enterprise_search intranet km_system tacit_knowledge explicit_knowledge curation taxonomy_management indexing
10,General Productivity & Knowledge,216,Project Scheduling & Gantt Chart Management,ms_project primavera_p6 smartsheet gantt critical_path pert_chart milestone dependencies lead_time lag_time resource_allocation resource_leveling baseline wbs work_breakdown_structure float slack timeline_view project_charter
10,General Productivity & Knowledge,217,Task Management & Personal Productivity,todoist ticktick pomodoro time_blocking getting_things_done gtd eisenhower_matrix habit_tracker focus_mode calendar_sync inbox_zero daily_planner to_do_list reminder_app prioritization_framework time_tracking toggl clockify
10,General Productivity & Knowledge,218,Research & Competitive Intelligence,swot_analysis porter_five_forces market_sizing competitor_benchmarking primary_research secondary_research market_share pricing_strategy patent_search google_scholar literature_review industry_report whitepaper trend_analysis stealth_mode mystery_shopping brand_tracking
10,General Productivity & Knowledge,219,AI Governance & Responsible AI Practices,ai_ethics bias_mitigation fairness explainability xai model_card datasheet data_privacy gdpr_ai compliance_framework ai_act red_teaming toxicity_filter safety_guardrails human_in_the_loop auditing transparency accountability governance_board
11,American Express & Payments,220,Brand Identity & Card Portfolio,centurion platinum gold green cobalt delta skymiles hiltonhonors marriottbonvoy bluecash cardart cardface cardstock amex expresspay optblue cardtier cardportfolio everyday chargecard
11,American Express & Payments,221,Cardholder Services & Rewards Programs,membershiprewards mrpoints concierge globalassist prioritypass pointstransfer travelcredit cardbenefits supplementarycard loungecollection finedining memberyear statusmatch cardperks pointsvaluation pointsredemption transferpartner airlinecredit memberbenefits
11,American Express & Payments,222,Merchant Acquiring & POS Processing,merchantacquiring pos terminalid acquirer interchange emv contactless mcc authorization batchprocessing mdr merchantdiscount iso8583 pinpad merchantonboarding paymentgateway tapandpay merchantnetwork merchantprocessing
11,American Express & Payments,223,"Offers, Promotions & Loyalty Programs",amexoffers shopmall cashbackoffer bonuscategory spendthreshold welcomebonus referralbonus pointsmultiplier loyaltytier earnrate redemptionrate offertargeting categorybonus enrollmentoffer promocode partnerpromotion merchantoffer spendbonus
11,American Express & Payments,224,Account Management & Billing Operations,statementclose billingcycle minimumpayment balancetransfer creditline autopay paymentdue accountstatus duedatechange overlimit latepayment financialreview creditbureau accountopening cardactivation paperlessbilling creditlimit accountupgrade closedaccount
11,American Express & Payments,225,Supplier Networks & Procurement Platforms,ariba procuretopay suppliermanagement purchaseorder invoicematching supplierportal procurementcard pcard virtualpayment straightthroughprocessing supplierdiversity sourcetopay buyerportal supplierenrollment procurementhub
11,American Express & Payments,226,Corporate Terminology & Internal Taxonomy,bluespark worldservice oneamex glossary nomenclature taxonomy businessunit costcenter orgcode functionalarea businesssegment domainterm internalcode verticaldefinition corporatejargon
11,American Express & Payments,227,Insurance Products & Risk Coverage,tripinsurance rentalcarinsurance purchaseprotection extendedwarranty travelaccidentinsurance lostbaggage flightdelay cardprotectionplan premiumprotection secondaryinsurance primaryinsurance claimfiling baggagedelay medicalevacuation travelguard coveragelimit insuranceclaim
11,American Express & Payments,228,Fraud Prevention & Chargeback Management,safekey fraudalert disputeresolution chargebackcode representment reasoncode frauddetection transactionmonitoring cardnotpresent cnp velocitycheck fraudscore avscheck cvvvalidation unauthorizedcharge provisionalcredit chargebackreversal fraudinvestigation disputecycle
11,American Express & Payments,229,Pricing Configuration & Fee Structures,annualfee foreigntransactionfee latefee interestrate apr balancetransferfee cashadvancefee penaltyapr tieredpricing feewaiver feetable pricingschedule rateconfiguration servicefee conveniencefee merchantfee variablerate
11,American Express & Payments,230,Payment Processing & Settlement Operations,settlement clearing netsettlement grosssettlement cutofftime settlementcycle fundingfile reconfile paymentrail fundingtransfer issuingbank acquirerprocessor paymentnetwork batchsettlement ach clearinghouse realtimepayment paymentclearing
11,American Express & Payments,231,Corporate Entity & Organizational Structure,subsidiaries holdingcompany boardofdirectors corporategovernance annualreport sec10k proxyfiling regulatoryfiling corporateaffairs legalentity executiveleadership shareholdermeeting trs gns corporatesecretary
11,American Express & Payments,232,Creative Assets & Brand Content Production,brandguidelines creativebrief adcopy storyboard keyvisual campaignasset artdirection photoshoot videoproduction brandtone visualidentity assetlibrary creativeapproval productionschedule brandcontent
11,American Express & Payments,233,Treasury Management & Liquidity Operations,cashpooling liquiditybuffer shortterminvestment moneymarket cashforecasting treasurybill intercompanyloan fundtransfer cashposition workingcapital nostroaccounts cashconcentration liquidityratio treasurydesk bankrelationship
11,American Express & Payments,234,External Financing & Capital Markets,securitization abs assetbackedsecurities bondissuance debtoffering creditrating capitalmarkets seniorunsecured subordinateddebt mediumtermnotes fixedincome investorrelations debtmaturity issuanceprogram bondholders
11,American Express & Payments,235,Internal Systems & UI Configuration,intranet portalconfiguration uiwidget dashboardlayout featuretoggle applicationregistry configurationmanagement userrole accesscontrol internalapi systempreferences adminpanel configscreen userpreferences servnet
11,American Express & Payments,236,System of Record & Master Data Authority,masterdata goldenrecord systemofrecord datadomain entityresolution datastewardship mdm masterdatamanagement dataauthority canonicalrecord referencetable datalineage dataquality singletruth dataownership
11,American Express & Payments,237,Employee Recognition & Rewards Programs,peerrecognition spotaward serviceanniversary employeemilestone recognitionplatform performancebonus appreciationprogram kudos employeeperks staffreward internalrecognition rewardscatalog milestoneprogram awardnomination employeeappreciation
11,American Express & Payments,238,Marketing Targeting & Audience Segmentation,lookalike propensitymodel customerlifetimevalue clv segmentation behavioraltargeting demographictargeting psychographic geotargeting audiencebuilder targetingscore acquisitionmodel retentiontargeting spendpropensity customersegment
11,American Express & Payments,239,Compliance Scoring & Evaluation Frameworks,compliancescore riskrating regulatoryscorecard bsaaml kyccheck sanctionsscreening amlscore riskassessment controleffectiveness regulatoryexam compliancechecklist riskmatrix examreadiness controlrating scoringmodel
12,Business Process Automation,240,Robotic Process Automation (RPA),uipath automationanywhere blueprism rpa botrunner orchestrator unattendedbot processautomation botfarm robotruntime automationstudio workfusion rpaplatform botdeveloper robottask studiox botcreator processrobot
12,Business Process Automation,241,Intelligent Document Processing,ocr documentclassification dataextraction templatematching handwritingrecognition documentdigitization invoicecapture abbyy documentai layoutanalysis entityextraction textract formrecognition documentparser pdfextraction
12,Business Process Automation,242,Workflow Orchestration & BPM,bpmn camunda appian pega bizagi processmodeling workflowengine decisionengine processinstance swimlane subprocess tasknode gateway sequenceflow processorchestrator rulesengine
12,Business Process Automation,243,Chatbot & Conversational Automation,chatbot dialogflow botframework rasa voicebot conversationalai nlu intentrecognition utterance fallbackhandler chatwidget conversationflow slotfilling responsetemplate virtualagenthub livechatagent
12,Business Process Automation,244,Email & Communication Automation,autoresponder emailtemplate mailmerge dripemail emailtrigger inboxrule emailparsing bounceback outofoffice emailforwarding notificationrule smtprelay emailworkflow scheduledmail communicationtrigger
12,Business Process Automation,245,Data Entry & Form Automation,formfilling autocomplete fieldvalidation dataentry prefill webform smartform datastamping bulkentry fieldmapping inputvalidation datacapture tabularentry formsubmission clipboardautomation
12,Business Process Automation,246,Approval & Routing Automation,approvalchain approvalmatrix routingrule escalationpolicy delegationrule signoffworkflow multistageapproval parallelapproval conditionalrouting approvernotification slaescalation approvalthreshold routinglogic autoapproval reassignment
12,Business Process Automation,247,Report Generation & Distribution Automation,scheduledreport reporttemplate automatedreporting reportdistribution emailreport dashboardrefresh reportbursting batchreport reportsubscription datapull reportscheduler exportautomation consolidatedreport periodicreport reportpipeline
12,Business Process Automation,248,Legacy System Integration Automation,screenscraping terminalemulation as400 mainframe citrixautomation legacyconnector middlewareadapter hostintegration greenscreen cobolinterface 3270emulator rdpautomation legacywrapper legacymigration hostaccess
12,Business Process Automation,249,Compliance & Audit Automation,audittrail compliancecheck evidencecollection controlmonitoring regulatoryreporting auditlog policyenforcement complianceworkflow automatedevidence controltest continuousmonitoring remediationtracking auditschedule compliancedashboard grcautomation
12,Business Process Automation,250,Invoice & Accounts Payable Automation,invoiceprocessing accountspayable apautomation threewaymatching purchaseordermatch invoiceapproval paymentrun vendorpayment invoicescanning remittanceadvice invoiceexception earlypaydiscount paymentscheduling duplicateinvoice vendorreconciliation
12,Business Process Automation,251,Customer Onboarding Automation,kycautomation identityverification ekyc digitalonboarding documentupload onboardingworkflow customerverification welcomejourney accountactivation signupflow applicationprocessing idverification onboardingchecklist biometricverification customerlifecycle
12,Business Process Automation,252,IT Service Desk Automation,itsmautomation servicenow ticketrouting incidenttriage autoticket passwordreset selfserviceportal knowledgebase ticketclassification incidentresolution changemanagement servicecatalog autoescalation runbook categorization
12,Business Process Automation,253,Testing & QA Automation Pipelines,selenium testautomation qaautomation testpipeline regressiontesting cypress playwright testrunner continuoustesting testorchestration codecoverage testfixture endtoendtest loadtesting testharness
12,Business Process Automation,254,Marketing & Campaign Automation,marketingautomation hubspot marketo campaignworkflow dripcampaign leadscore leadnurturing emailcampaign marketingfunnel triggermarketing customerjourney campaignscheduler marketingops conversiontracking pardot
12,Business Process Automation,255,Supply Chain & Logistics Automation,edi electronicdatainterchange warehouseautomation orderprocessing shipmenttracking inventorymanagement demandforecasting fulfillmentautomation logisticsrouting asnprocessing barcodescanning rfid pickandpack supplychainvisibility freightautomation
12,Business Process Automation,256,HR Process Automation,hronboarding offboarding payrollautomation leavemanagement timesheetprocessing recruitmentautomation applicanttracking performancereview benefitsenrollment employeeselfservice hrisintegration positionmanagement compensationworkflow exitinterview workforceautomation
12,Business Process Automation,257,Hyperautomation & Process Mining,hyperautomation processmining celonis processdiscovery taskmining eventlog processvariant conformancechecking processoptimization automationpipeline intelligentautomation automationfabric minit signavio processintelligence
12,Business Process Automation,258,Robotic Desktop Automation (RDA),rda desktopbot attendedautomation desktopautomation personalbot desktopagent assistedautomation sidebot desktoptrigger localbot desktoprecorder foregroundautomation usertriggered macroautomation desktoprobot
12,Business Process Automation,259,Automation Governance & Center of Excellence,coe centerofexcellence botlifecycle automationgovernance botinventory automationroadmap botperformance automationkpi roitracking botmonitoring automationstrategy governanceframework botsla automationmaturity pipelinereview
13,Business Communication & HR,260,Immigration & Work Authorization Services,visa h1b i-9 ead greencard uscis lca perm sponsorship work-permit petition rfe e-verify naturalization work-authorization consular opt cpt i-140 i-129 h-4 l-1 tn-visa
13,Business Communication & HR,261,Employee Grievance & Conflict Resolution,grievance mediation ombudsman whistleblower retaliation harassment misconduct workplace-conflict unfair-treatment corrective-action complaint-resolution eeoc hostile-work-environment formal-complaint informal-resolution peer-mediation
13,Business Communication & HR,262,Onboarding & Role Introduction,onboarding orientation induction new-hire preboarding buddy-system ramp-up day-one welcome-kit probation role-introduction hiring-manager mentor shadowing first-day joiner welcome-packet nesting
13,Business Communication & HR,263,Benefits Enrollment & Open Enrollment,open-enrollment enrollment-period qualifying-event benefits-election dependent-coverage cobra continuation annual-enrollment mid-year-change life-event beneficiary hsa fsa hdhp flex-spending waiver-election
13,Business Communication & HR,264,Benefits Administration & Plan Management,benefits-administration tpa claims-processing eob deductible copay coinsurance premiums coverage-tier dental-plan vision-plan 401k pension vesting plan-design summary-plan-description spousal-coverage plan-document erisa
13,Business Communication & HR,265,Talent Acquisition & Recruiting Operations,recruiting sourcing ats applicant-tracking requisition job-posting talent-pipeline candidate-experience screening interview-scheduling offer-letter background-check referral-program hiring-funnel icims greenhouse taleo workday-recruiting boolean-search
13,Business Communication & HR,266,Career Development & Aspirational Planning,career-path career-ladder idp individual-development-plan mentorship coaching succession-planning skill-gap upskilling reskilling lateral-move promotion-readiness career-framework competency-model stretch-assignment job-rotation high-potential
13,Business Communication & HR,267,Policy Acknowledgment & Opt-In Management,policy-acknowledgment attestation e-signature opt-in consent-form acceptable-use nda non-disclosure confidentiality-agreement code-of-conduct handbook-acknowledgment annual-attestation digital-consent policy-sign-off acknowledgment-tracking compliance-acknowledgment
13,Business Communication & HR,268,Regional & International HR Communications,global-mobility relocation international-assignment cross-border localization statutory-benefits country-specific emea apac latam regional-hr secondment repatriation cola tax-equalization expatriate-management cost-of-living
13,Business Communication & HR,269,HR Correspondence & Receipt Confirmation,hr-correspondence offer-confirmation employment-verification salary-certificate experience-letter relieving-letter noc receipt-acknowledgment hr-helpdesk hr-portal employee-request letter-of-employment hr-ticketing confirmation-email service-request employment-letter
13,Business Communication & HR,270,Workforce Management & Scheduling (WFM),wfm workforce-scheduling shift-planning roster kronos nice-wfm headcount-planning fte capacity-planning overtime shift-swap schedule-adherence labor-forecasting attendance-tracking time-clock bid-shift shrinkage-wfm erlang
13,Business Communication & HR,271,Site Operations & Regional Highlights,site-operations office-management facility regional-office campus workplace-services space-planning hoteling desk-booking site-lead town-hall all-hands newsletter regional-update site-tour workplace-experience
13,Business Communication & HR,272,Performance Management & Reviews,performance-review appraisal 360-feedback okr goal-setting mid-year-review annual-review pip performance-improvement calibration bell-curve continuous-feedback merit-increase self-assessment peer-review rating-scale competency-assessment
13,Business Communication & HR,273,Learning & Certification Programs,lms learning-management certification training-program e-learning coursera udemy linkedin-learning mandatory-training compliance-certification continuing-education ceu cpd credential micro-credential skill-badge recertification scorm
13,Business Communication & HR,274,Employee Relations & Disciplinary Actions,employee-relations disciplinary written-warning suspension termination-for-cause progressive-discipline insubordination final-warning separation involuntary-termination exit-interview constructive-dismissal misconduct-investigation last-chance-agreement counseling-memo fact-finding
13,Business Communication & HR,275,"Compensation, Equity & Total Rewards",compensation salary-structure pay-band pay-equity equity-grant rsu stock-options espp total-rewards bonus-payout incentive-plan merit-raise salary-benchmarking compa-ratio base-pay variable-pay deferred-compensation long-term-incentive
13,Business Communication & HR,276,HR Analytics & Workforce Insights,hr-analytics people-analytics attrition-rate turnover-rate employee-engagement enps workforce-dashboard headcount-report diversity-metrics time-to-fill cost-per-hire retention-rate absenteeism-rate talent-analytics visier workday-analytics
13,Business Communication & HR,277,"Diversity, Equity & Inclusion (DEI)",dei diversity inclusion equity belonging unconscious-bias affirmative-action erg employee-resource-group representation pay-gap gender-equity cultural-competence accessibility underrepresented allyship neurodiversity intersectionality
13,Business Communication & HR,278,Employee Wellness & Assistance Programs,eap employee-assistance wellness-program mental-health burnout stress-management mindfulness fitness-reimbursement telemedicine work-life-balance resilience counseling health-screening biometric-screening ergonomics wellbeing
13,Business Communication & HR,279,HR Policy Development & Compliance,hr-policy employee-handbook policy-update fmla ada-compliance flsa eeoc-compliance labor-law employment-law workplace-safety osha sexual-harassment-policy anti-discrimination remote-work-policy leave-policy whistleblower-policy i-9-compliance
14,Finance & Procurement,280,General Ledger & Journal Entry Management,general-ledger journal-entry gl-account chart-of-accounts coa debit credit posting-period trial-balance accrual reversal intercompany subledger closing-entry adjusting-entry ledger-reconciliation sap-fico oracle-gl double-entry
14,Finance & Procurement,281,Cost Allocation & Profitability Modeling (PCM),cost-allocation profitability-modeling pcm cost-center profit-center activity-based-costing abc overhead-allocation transfer-pricing cost-driver margin-analysis product-costing standard-costing cost-pool indirect-cost contribution-margin absorption-costing
14,Finance & Procurement,282,Statement of Work & Contract Management,sow statement-of-work contract-management msa master-service-agreement amendment addendum deliverables milestones contract-lifecycle clm ariba icertis contract-renewal scope-change penalty-clause sla contract-negotiation
14,Finance & Procurement,283,Financial Metrics & Executive KPIs,financial-kpi ebitda roi roic roa roe eps gross-margin operating-margin net-income revenue-growth free-cash-flow working-capital debt-to-equity current-ratio quick-ratio shareholder-value cagr
14,Finance & Procurement,284,Pricing Governance & Approval Workflows,pricing-governance pricing-approval discount-approval pricing-committee deal-desk margin-threshold approval-workflow pricing-exception escalation-matrix pricing-authority delegation-of-authority approval-chain pricing-policy guardrails override-request
14,Finance & Procurement,285,End-of-Day Processing & Reconciliation,end-of-day eod reconciliation settlement nostro vostro clearing bank-reconciliation batch-processing cutoff-time balancing suspense-account unmatched-items break-resolution daily-processing close-of-business
14,Finance & Procurement,286,Product & Application Pricing,product-pricing rate-card tiered-pricing volume-discount sku-pricing markup cost-plus-pricing subscription-pricing usage-based-pricing freemium price-list msrp wholesale-pricing dynamic-pricing bundled-pricing seat-license
14,Finance & Procurement,287,Capital Planning & Investment Appraisal,capex capital-budgeting npv irr payback-period hurdle-rate capital-expenditure investment-appraisal dcf discounted-cash-flow wacc capital-allocation project-evaluation business-case cost-benefit-analysis appropriation
14,Finance & Procurement,288,Financial Reporting & Regulatory Filings,financial-reporting sec-filing 10-k 10-q 8-k annual-report gaap ifrs sox sarbanes-oxley xbrl regulatory-filing quarterly-earnings income-statement balance-sheet cash-flow-statement audit-report footnotes
14,Finance & Procurement,289,"Fixed Amounts, Constants & Reference Data",reference-data constants fixed-amounts lookup-table rate-table tax-rates withholding-rates fee-schedule parameter-table master-data static-data currency-rates basis-points threshold-values configuration-table nominal-value
14,Finance & Procurement,290,Expense Management & Travel Reimbursement,expense-report travel-reimbursement per-diem mileage-rate concur sap-concur receipt-upload expense-policy corporate-card t&e travel-expense airfare lodging meal-allowance out-of-pocket expense-approval expensify
14,Finance & Procurement,291,Pricing Research & Market Benchmarking,pricing-research market-benchmarking competitive-pricing price-intelligence competitor-analysis pricing-survey willingness-to-pay price-elasticity conjoint-analysis price-optimization market-rate pricing-index benchmark-study pricing-strategy price-comparison
14,Finance & Procurement,292,Fixed Asset & Depreciation Management,fixed-asset depreciation amortization asset-register asset-tagging capitalization useful-life salvage-value straight-line declining-balance asset-disposal asset-impairment asset-revaluation asset-tracking book-value nbv macrs
14,Finance & Procurement,293,Branch Operations & Physical Banking,branch-operations teller atm cash-handling vault branch-manager physical-banking cash-drawer deposit-slip withdrawal-slip branch-audit cash-reconciliation branch-network retail-banking coin-counting safe-deposit
14,Finance & Procurement,294,Investment Portfolio & Securities Management,portfolio-management securities equities bonds mutual-funds etf asset-allocation rebalancing custodian brokerage fixed-income derivatives hedging investment-strategy aum bloomberg-terminal yield-curve duration
14,Finance & Procurement,295,Legal Proceedings & Dispute Resolution,litigation dispute-resolution settlement indemnification subpoena deposition class-action regulatory-action cease-and-desist legal-hold counterclaim damages injunction legal-proceedings arbitration-clause plaintiff defendant
14,Finance & Procurement,296,Fee Management & Revenue Dashboards,fee-management fee-schedule revenue-dashboard fee-income service-charges interchange-fees penalty-fees late-fees processing-fees origination-fees fee-waiver fee-analysis fee-structure revenue-recognition fee-billing
14,Finance & Procurement,297,"Actuals, Variance & Budget Analysis",actuals variance-analysis budget-analysis budget-vs-actual favorable-variance unfavorable-variance forecast-variance spending-variance volume-variance flex-budget rolling-forecast budget-reforecast ytd-variance quarterly-variance plan-vs-actual true-up
14,Finance & Procurement,298,Treasury Reporting & Cash Forecasting,treasury cash-forecasting liquidity-management cash-position cash-flow-forecast bank-balance sweep-account money-market short-term-investment funding-requirement debt-maturity interest-rate-risk fx-exposure hedging-strategy cash-pooling intraday-liquidity
14,Finance & Procurement,299,Procurement Spend Analysis & Savings Tracking,procurement-spend spend-analysis savings-tracking sourcing strategic-sourcing spend-cube maverick-spending tail-spend contract-compliance supplier-consolidation cost-avoidance cost-reduction spend-under-management procurement-analytics category-management addressable-spend
